key,touch,hit,release
8,170 146 155 -87 -202 128 246 19 -49 -71 -233 -118 291 214 -237 -313 -153 16 127 47 -61 -55 2 -44 -109 -39 16 -9 -57 -30 149 235 81 -12 35 34 -37 -145 -227 -317 -434 -447 -278 -38 104 314 690 835 743 799 848 819 686 316 -23 -175 -304 -639 -826 -706 -650 -443 -142 -126 -346 -753 -1104 -1224 -1456 -1837 -1820 -1245 -308 992 2175 2759 3042 3383 3508 3225 2554 1548 764 -184 -1592 -2961 -4215 -5054 -5251 -4553 -3211 -2030 -1110 161 1728 2631 2877 2925 3014 3021 2567 1538 387 -2 239 300 -448 -1645 -2385 -2353 -1823 -1245 -984 -1239 -1413 -1309 -851 -368 -629 -846 -490 295 1523 2372 2064 1486 1615 1980 2080 1631 597 -462 -1066 -1399 -1891 -2278 -2094 -1462 -866 -561 -332 376 1422 2134 2299 1485 170 -456 -764 -1339 -1717 -1835 -1942 -1495 -549 91 543 940 1068 1162 1230 814 92 -232 -277 -367 -485 -730 -1083 -1281 -1116 -670 -74 543 863 831,2567 1538 387 -2 239 300 -448 -1645 -2385 -2353 -1823 -1245 -984 -1239 -1413 -1309 -851 -368 -629 -846 -490 295 1523 2372 2064 1486 1615 1980 2080 1631 597 -462 -1066 -1399 -1891 -2278 -2094 -1462 -866 -561 -332 376 1422 2134 2299 1485 170 -456 -764 -1339 -1717 -1835 -1942 -1495 -549 91 543 940 1068 1162 1230 814 92 -232 -277 -367 -485 -730 -1083 -1281 -1116 -670 -74 543 863 831 913 1239 1593 1642 1122 547 334 241 -213 -1092 -1856 -2329 -2400 -1999 -1477 -1046 -627 -41 587 1029 1326 1272 857 611 673 772 733 663 570 434 408 416 383 213 -93 -308 -438 -569 -663 -628 -404 -113 74 201 421 647 685 548 334 17 -494 -1025 -1285 -1289 -1283 -1417 -1504 -1289 -876 -533 -267 16 348 851 1416 1648 1554 1464 1358 1065 735 490 201 -90 -256 -307 -231 -196 -443 -674 -562 -393 -418 -503 -606 -723 -580 -219 -25 -30 -38 86 317 503 500 327 226 209 248 345,673 772 733 663 570 434 408 416 383 213 -93 -308 -438 -569 -663 -628 -404 -113 74 201 421 647 685 548 334 17 -494 -1025 -1285 -1289 -1283 -1417 -1504 -1289 -876 -533 -267 16 348 851 1416 1648 1554 1464 1358 1065 735 490 201 -90 -256 -307 -231 -196 -443 -674 -562 -393 -418 -503 -606 -723 -580 -219 -25 -30 -38 86 317 503 500 327 226 209 248 345 235 -30 -197 -238 -179 -62 69 230 478 740 896 1004 1081 1046 965 824 534 302 201 -16 -279 -357 -348 -362 -290 -178 -136 3 224 354 482 628 656 654 669 553 411 319 160 10 3 83 153 254 320 330 395 410 315 148 -65 -226 -266 -218 -175 -192 -195 -60 117 261 397 488 602 785 904 893 915 979 920 755 634 600 551 433 204 -86 -217 -145 -114 -269 -429 -432 -239 36 132 103 171 288 391 494 524 479 442 447 538 684 738 635 495 487
8,264 330 220 185 108 64 209 289 164 91 119 103 150 283 135 -91 105 310 117 -15 139 155 96 236 246 58 41 230 285 175 234 348 209 98 218 124 -181 -162 -35 -170 -272 -190 -115 17 234 403 689 863 700 724 963 915 617 289 59 8 -178 -516 -685 -853 -1057 -975 -636 -370 -285 -311 -423 -478 -327 8 162 -30 95 856 1642 2063 2172 1965 1584 1152 835 714 279 -581 -1518 -2329 -2756 -2899 -3006 -2806 -2019 -994 -76 761 1524 2212 2542 2241 1898 1870 1536 791 148 -329 -757 -1107 -1429 -1642 -1572 -1413 -1235 -882 -502 -180 92 217 287 458 723 797 514 250 330 654 865 672 131 -359 -369 -87 -20 -217 -464 -452 -61 329 411 256 162 141 49 -92 -233 -183 -146 -324 -520 -740 -927 -816 -399 -69 111 431 773 921 897 681 262 -190 -534 -821 -1010 -1012 -996 -976 -705 -190 333 781 1154 1372 1477 1427 1155 824,49 -92 -233 -183 -146 -324 -520 -740 -927 -816 -399 -69 111 431 773 921 897 681 262 -190 -534 -821 -1010 -1012 -996 -976 -705 -190 333 781 1154 1372 1477 1427 1155 824 425 -82 -546 -859 -1072 -1157 -1050 -886 -662 -380 -230 -152 16 257 367 365 375 214 21 -53 -149 -252 -325 -221 48 347 667 905 947 804 662 513 286 130 -44 -232 -266 -279 -342 -282 -20 281 504 645 672 515 150 -168 -329 -646 -1129 -1456 -1577 -1512 -1255 -1004 -755 -398 -71 194 475 644 649 673 766 721 457 311 366 307 191 120 112 253 413 470 486 464 240 -7 -29 -73 -275 -452 -537 -563 -421 -254 -232 -133 27 34 -76 -176 -256 -344 -382 -296 -195 -196 -213 -137 67 267 422 539 596 736 924 1038 1001 808 644 629 581 343 93 -98 -202 -182 -173 -148 -133 -176 -129 55 239 275 234 192 147 184 230 153 47 29 98 207 253 203,253 413 470 486 464 240 -7 -29 -73 -275 -452 -537 -563 -421 -254 -232 -133 27 34 -76 -176 -256 -344 -382 -296 -195 -196 -213 -137 67 267 422 539 596 736 924 1038 1001 808 644 629 581 343 93 -98 -202 -182 -173 -148 -133 -176 -129 55 239 275 234 192 147 184 230 153 47 29 98 207 253 203 235 374 433 399 336 262 176 86 10 -117 -278 -371 -366 -269 -170 -107 -14 91 216 401 561 594 562 539 544 589 560 408 303 301 287 235 168 73 -7 -61 -121 -148 -157 -191 -172 -80 10 96 146 157 206 290 318 272 211 157 144 163 193 236 267 295 341 411 482 537 570 558 530 522 484 389 279 160 67 27 -32 -120 -194 -234 -235 -225 -207 -166 -121 -65 13 80 104 112 156 242 314 322 321 356 382 410 405 382 386 379 356 307 256 240 268 231 88 -10 -24 -1 2
8,-189 203 155 -34 310 350 -193 -199 324 182 -212 53 134 -215 -27 434 250 -274 -164 260 283 126 8 60 148 82 -50 -39 100 73 -92 -42 185 -2 -179 20 52 -64 128 280 -5 106 266 26 -27 8 65 50 -20 -49 38 202 114 -137 -137 218 255 -59 -86 82 195 327 497 471 414 418 42 -775 -1657 -2279 -2464 -2193 -1432 -468 383 1464 2681 3499 3848 3682 3081 2881 2905 1834 -62 -2036 -4001 -5280 -5341 -4653 -3911 -2950 -1540 -29 1349 2279 2714 2676 2347 2028 1305 365 -441 -1198 -1277 -515 -28 -261 -362 -70 440 1164 1573 1223 426 -370 -1024 -1580 -2413 -3274 -3502 -3207 -2484 -1332 -139 801 1597 2273 2946 3708 4008 3422 2369 1556 945 202 -660 -1463 -2082 -2558 -2563 -1937 -983 -2 790 1289 1353 956 113 -786 -1197 -1199 -1087 -1081 -1251 -1302 -926 -321 233 612 752 744 638 705 902 830 482 46 -289 -521 -668 -740 -711 -445 -78 215,-1302 -926 -321 233 612 752 744 638 705 902 830 482 46 -289 -521 -668 -740 -711 -445 -78 215 340 256 96 81 311 594 747 691 520 296 -22 -400 -818 -1085 -1090 -991 -843 -620 -391 -206 -15 240 461 504 504 568 772 1067 1166 1122 1167 1325 1410 1312 1090 732 316 -77 -511 -979 -1361 -1528 -1424 -1138 -753 -287 32 178 294 296 199 -46 -498 -849 -968 -1046 -1036 -986 -1050 -919 -597 -381 15 594 955 1267 1729 1838 1561 1363 1033 772 858 869 676 503 488 376 150 6 -251 -713 -1164 -1557 -1795 -1732 -1586 -1486 -1422 -1187 -839 -519 -135 151 468 574 501 785 1002 997 1084 1009 738 654 650 615 732 818 739 696 735 680 545 407 230 35 -83 -232 -361 -214 -20 -35 -136 -139 -23 189 491 617 502 458 493 488 487 474 388 302 310 299 299 230 49 144 398 454 323 253 336 379 292 71 -89 -182 -201 -61 -108,735 680 545 407 230 35 -83 -232 -361 -214 -20 -35 -136 -139 -23 189 491 617 502 458 493 488 487 474 388 302 310 299 299 230 49 144 398 454 323 253 336 379 292 71 -89 -182 -201 -61 -108 -311 -330 -173 50 232 236 155 244 405 506 626 724 764 802 828 884 902 776 634 569 592 538 354 144 -68 -176 -268 -413 -452 -357 -266 -240 -130 64 214 336 429 503 610 734 851 917 949 966 946 927 909 891 895 916 869 715 557 420 247 74 -74 -274 -404 -378 -352 -327 -201 -44 12 38 102 207 323 343 342 360 339 386 438 363 339 375 418 580 741 787 777 727 658 648 642 537 407 312 198 93 14 -16 70 91 -55 -158 -90 111 221 129 126 239 210 224 326 289 289 348 295 254 296 264 150 118 167 200 185 168 174 172 188 226 254 263 246 210 222 318 418
8,236 150 29 -5 27 145 198 67 -143 -101 90 146 67 -27 -73 -121 -24 250 380 150 -166 -216 72 360 209 -83 -160 -113 25 135 76 -6 -49 -136 -102 6 -60 -101 -5 9 -1 30 -57 -144 17 218 151 -55 -128 -76 -20 32 35 -87 -187 -95 20 -7 -80 -70 -13 60 164 252 298 198 -170 -692 -1250 -1784 -2010 -1830 -1347 -673 16 842 1806 2516 2824 2936 2807 2520 2245 1534 291 -1219 -2757 -3931 -4383 -4079 -3491 -2704 -1679 -551 587 1436 1904 2070 2132 2100 1619 714 -185 -756 -840 -520 -266 -309 -372 -259 91 597 948 895 445 -129 -570 -986 -1667 -2392 -2674 -2528 -2154 -1647 -1072 -338 540 1379 2119 2756 3178 3167 2635 1874 1249 727 100 -572 -1222 -1880 -2276 -2092 -1473 -722 -18 403 491 355 42 -308 -555 -651 -620 -533 -483 -483 -439 -251 20 187 290 386 339 213 153 130 185 265 197 -5 -191 -294 -327 -247 -98 76,-439 -251 20 187 290 386 339 213 153 130 185 265 197 -5 -191 -294 -327 -247 -98 76 210 157 29 -29 27 273 593 738 642 397 61 -313 -600 -725 -742 -757 -812 -796 -669 -481 -176 211 533 700 730 758 886 1052 1175 1172 1024 954 980 886 688 375 -34 -298 -422 -635 -818 -762 -720 -698 -439 -148 65 256 281 125 4 -49 -238 -505 -606 -541 -496 -525 -675 -773 -520 -26 423 622 619 576 745 1154 1414 1402 1066 710 786 891 777 703 598 424 316 194 -38 -293 -544 -842 -1069 -1178 -1211 -1179 -1097 -903 -646 -389 -164 50 343 519 483 617 914 1041 1118 1128 939 718 591 476 318 278 388 521 644 648 534 483 516 613 586 348 219 207 162 194 240 170 87 25 -4 170 402 402 340 425 523 464 299 310 496 487 168 -160 -107 218 355 399 588 662 496 451 609 559 287 6 -114 -22 -26 -169,648 534 483 516 613 586 348 219 207 162 194 240 170 87 25 -4 170 402 402 340 425 523 464 299 310 496 487 168 -160 -107 218 355 399 588 662 496 451 609 559 287 6 -114 -22 -26 -169 -255 -110 0 12 253 516 669 714 803 876 803 759 726 724 702 661 525 280 217 395 541 383 106 -68 -35 191 318 193 -107 -287 -154 48 160 324 459 470 471 559 762 868 826 797 847 935 914 803 794 877 834 677 596 564 500 421 225 -39 -139 -90 -89 -202 -267 -194 -70 10 78 241 416 450 382 387 520 622 595 510 458 446 444 444 443 459 545 653 673 619 574 583 593 525 391 255 193 203 210 180 115 46 51 151 234 236 222 231 259 305 309 258 218 217 242 251 189 139 172 206 270 346 341 314 317 371 436 451 376 237 186 249 302 267 173 169 262
8,20 33 86 40 -17 32 94 -17 -127 -67 26 72 70 -14 -44 -2 -12 11 48 67 76 44 36 16 -3 48 73 36 19 23 -1 11 75 67 59 118 97 52 129 140 3 -17 41 -65 -140 -34 89 91 29 24 7 55 100 47 -13 -78 -37 27 4 -51 -93 -89 33 234 376 372 114 -395 -1165 -1868 -2247 -2320 -1997 -1164 32 1018 1913 2894 3568 3824 3556 2777 2097 1620 579 -996 -2859 -4654 -5538 -5276 -4309 -3303 -2037 -336 1068 1940 2755 3417 3220 2564 1724 310 -1114 -1893 -2155 -1931 -1231 -821 -695 -197 505 1143 1688 1963 1704 1149 578 -54 -982 -2501 -3743 -3882 -3506 -3023 -2219 -1100 74 1190 2229 3130 3793 4032 3646 2720 1655 748 63 -591 -1432 -2332 -2976 -3064 -2364 -1064 106 813 1247 1381 1066 408 -248 -707 -994 -1117 -1089 -1060 -1061 -912 -561 -132 189 385 448 414 388 379 458 480 311 113 -72 -272 -461 -581 -578 -402,-402 -57 223 237 89 2 141 466 764 833 644 295 -239 -767 -991 -990 -934 -843 -694 -545 -421 -298 -78 251 443 422 368 434 638 923 1179 1299 1315 1322 1309 1177 881 456 -1 -427 -730 -878 -972 -964 -838 -642 -403 -170 57 194 124 -145 -423 -623 -837 -993 -1003 -953 -892 -759 -572 -348 -44 324 650 894 1133 1303 1377 1411 1305 1043 744 532 437 366 337 435 566 564 424 160 -189 -488 -732 -987 -1254 -1455 -1522 -1433 -1220 -948 -606 -278 -61 59 169 355 532 661 817 973 1032 982 844 687 614 611 677 798 868 872 858 789 633 475 353 202 11 -176 -288 -270 -174 -84 -9 65 134 248 389 457 460 514 610 646 635 566 470 383 261 188 179 126 67 114 193 245 362 471 498 468 353 186 76 44 -29 -188 -314 -300 -199 -125 -85 -9 170 423 614 659 679 770 842 872 883 881 808 639 501 425,475 353 202 11 -176 -288 -270 -174 -84 -9 65 134 248 389 457 460 514 610 646 635 566 470 383 261 188 179 126 67 114 193 245 362 471 498 468 353 186 76 44 -29 -188 -314 -300 -199 -125 -85 -9 170 423 614 659 679 770 842 872 883 881 808 639 501 425 357 322 283 151 42 21 10 9 -27 -105 -156 -151 -77 32 107 119 130 218 367 502 647 795 835 859 936 960 969 990 963 905 847 765 640 522 387 180 -38 -183 -236 -256 -291 -335 -315 -195 -114 -85 39 210 295 302 327 390 424 410 374 372 433 488 495 509 564 620 653 674 675 657 648 614 488 321 225 168 88 -9 -97 -114 -50 20 57 106 162 175 178 226 291 326 318 283 252 224 212 213 204 226 266 289 287 275 307 340 304 228 183 189 241 256 186 152 120 34 95 322 426 397 372
8,292 325 277 176 190 286 263 212 201 127 94 186 253 142 65 116 161 138 125 215 217 176 218 203 112 111 269 347 219 74 57 151 223 257 280 152 -44 -47 169 354 288 113 52 169 322 343 218 139 162 143 169 114 41 147 308 397 456 323 -119 -38 401 425 97 -101 98 163 314 525 92 -326 18 377 304 238 205 157 200 428 475 90 71 412 200 -1 310 193 -220 148 544 136 13 322 310 72 -51 203 389 276 167 -1 150 481 219 -122 130 386 267 156 206 175 -5 70 326 255 51 127 207 75 126 193 44 56 176 214 257 249 107 45 248 299 79 147 281 71 22 217 199 60 76 226 364 304 118 34 63 25 -100 -146 -158 -166 -128 -35 139 288 342 469 668 699 719 778 675 554 508 350 -29 -419 -742 -1034 -1097 -894 -661 -619 -641 -505 -451 -620,156 206 175 -5 70 326 255 51 127 207 75 126 193 44 56 176 214 257 249 107 45 248 299 79 147 281 71 22 217 199 60 76 226 364 304 118 34 63 25 -100 -146 -158 -166 -128 -35 139 288 342 469 668 699 719 778 675 554 508 350 -29 -419 -742 -1034 -1097 -894 -661 -619 -641 -505 -451 -620 -581 -245 96 517 990 1454 2067 2421 2155 1858 1729 1285 608 -51 -861 -1726 -2365 -3057 -3816 -3840 -2943 -1821 -877 -123 579 1569 2666 3203 2971 2415 1957 1352 600 -18 -578 -1027 -1516 -1952 -2016 -1903 -1659 -1226 -580 129 643 745 505 527 776 888 623 -58 -631 -712 -468 -457 -617 -621 -604 -403 283 1072 1337 1208 896 699 898 945 362 -577 -1229 -1305 -923 -595 -739 -962 -865 -503 27 420 284 24 266 866 1405 1341 427 -490 -823 -931 -972 -1117 -1517 -1712 -1300 -639 -107 398 777 1110 1511 1554 1317 1099 687 32 -522,-1229 -1305 -923 -595 -739 -962 -865 -503 27 420 284 24 266 866 1405 1341 427 -490 -823 -931 -972 -1117 -1517 -1712 -1300 -639 -107 398 777 1110 1511 1554 1317 1099 687 32 -522 -799 -967 -1057 -1041 -785 -244 191 424 556 508 214 -67 -141 -329 -642 -786 -707 -594 -595 -492 -253 -116 109 513 828 1072 1212 1157 961 691 413 166 17 -129 -296 -445 -564 -396 -23 255 466 552 556 483 297 173 -134 -668 -992 -1228 -1612 -1686 -1347 -1094 -843 -554 -305 101 354 305 238 256 365 413 310 199 210 286 362 461 421 342 448 597 716 712 469 131 -107 -261 -458 -667 -774 -746 -670 -568 -342 -139 -57 15 39 35 -41 -187 -271 -330 -324 -330 -304 -134 31 182 330 462 532 548 637 777 810 693 547 406 339 312 204 87 25 32 19 -7 4 34 111 136 141 203 201 119 81 105 90 85 173 234 190 161 163 123 109
8,-83 -152 -154 -123 -118 -174 -191 -203 -187 -82 -65 -227 -258 -112 -109 -159 -124 -55 -52 -102 -111 -75 -30 -46 -7 -7 -146 -179 -99 -67 -130 -141 -32 37 -36 -193 -210 -181 -284 -365 -360 -366 -427 -361 -140 41 181 371 513 516 491 466 438 387 181 -139 -386 -516 -602 -702 -904 -1087 -1100 -913 -605 -509 -656 -904 -1076 -957 -604 -257 -138 77 673 1402 1979 2347 2327 1843 1275 728 391 65 -791 -1902 -2840 -3367 -3413 -3138 -2884 -2424 -1446 -544 236 1132 1805 2027 1921 1806 1750 1601 1237 692 141 -178 -377 -753 -1196 -1440 -1380 -1333 -1396 -1522 -1637 -1474 -1145 -776 -712 -804 -397 293 816 1225 1607 1661 1650 1838 1847 1486 804 108 -480 -895 -1280 -1928 -2531 -2685 -2207 -1407 -853 -521 -89 593 1536 2197 1931 1071 331 24 13 -210 -860 -1434 -1567 -1379 -931 -511 -472 -572 -470 -68 442 498 108 -39 218 247 -81 -331 -490 -414 -153 97 248 161,1750 1601 1237 692 141 -178 -377 -753 -1196 -1440 -1380 -1333 -1396 -1522 -1637 -1474 -1145 -776 -712 -804 -397 293 816 1225 1607 1661 1650 1838 1847 1486 804 108 -480 -895 -1280 -1928 -2531 -2685 -2207 -1407 -853 -521 -89 593 1536 2197 1931 1071 331 24 13 -210 -860 -1434 -1567 -1379 -931 -511 -472 -572 -470 -68 442 498 108 -39 218 247 -81 -331 -490 -414 -153 97 248 161 101 288 661 881 814 526 201 65 -131 -532 -960 -1351 -1605 -1522 -1317 -1229 -1013 -398 305 530 398 449 668 712 723 849 746 459 401 534 654 444 38 -53 117 294 101 -364 -529 -382 -232 -240 -258 18 562 792 458 54 -73 -31 -132 -494 -884 -1161 -1249 -1048 -868 -904 -878 -574 -174 4 132 318 521 786 925 914 825 665 603 693 625 299 172 270 255 137 -105 -375 -403 -276 -285 -383 -460 -525 -462 -363 -338 -317 -131 172 216 131 193 256 233 175 126 109,746 459 401 534 654 444 38 -53 117 294 101 -364 -529 -382 -232 -240 -258 18 562 792 458 54 -73 -31 -132 -494 -884 -1161 -1249 -1048 -868 -904 -878 -574 -174 4 132 318 521 786 925 914 825 665 603 693 625 299 172 270 255 137 -105 -375 -403 -276 -285 -383 -460 -525 -462 -363 -338 -317 -131 172 216 131 193 256 233 175 126 109 116 106 47 -68 -173 -130 45 193 302 440 568 709 871 960 973 930 837 745 647 488 288 149 80 -43 -238 -335 -279 -260 -320 -296 -165 -29 87 244 374 435 505 530 501 503 506 499 511 490 410 334 285 200 46 -96 -163 -175 -167 -135 -106 -104 -42 112 253 355 467 533 560 638 730 762 759 755 736 676 585 509 440 349 239 127 21 -77 -145 -193 -240 -233 -139 -25 73 155 210 303 404 463 523 559 526 468 488 533 507 482 494 502 506 537
8,269 293 189 124 204 312 352 352 324 324 392 463 462 363 279 317 368 309 190 171 250 270 200 167 209 286 364 373 337 348 341 305 349 399 356 258 180 203 277 267 204 191 248 330 364 324 296 318 308 306 319 319 342 365 345 255 172 140 156 221 264 186 122 267 377 360 421 393 275 452 423 154 241 175 178 386 236 185 236 17 -13 324 502 360 260 211 180 514 777 430 82 107 251 354 300 123 -29 -106 94 479 336 -23 271 461 111 83 324 386 351 321 221 96 131 220 160 53 174 340 305 220 77 7 240 436 284 124 159 169 157 178 203 73 -114 117 463 313 -4 64 247 202 184 246 212 178 133 47 118 177 75 53 144 206 158 73 84 156 159 135 170 189 160 154 160 133 129 109 20 2 72 89 46 75 88 54 124 142,29 157 260 331 348 335 338 337 273 82 -161 -333 -409 -549 -735 -814 -788 -650 -384 -52 94 66 91 272 444 357 137 -66 -191 -184 -13 55 -101 -256 -340 -363 -529 -772 -866 -755 -465 -232 -233 -315 -48 459 713 530 140 26 206 341 178 -264 -746 -984 -843 -567 -458 -549 -599 -367 168 584 456 -24 -407 -461 -477 -657 -867 -946 -691 -216 113 184 127 114 286 555 601 336 19 -144 -245 -422 -767 -1118 -1217 -1172 -1066 -845 -554 -330 -202 -55 158 406 527 470 418 443 478 488 443 189 -207 -475 -615 -674 -671 -649 -581 -529 -546 -597 -571 -371 -156 -121 -152 -110 3 151 261 276 186 -11 -218 -289 -278 -322 -392 -408 -363 -259 -150 -98 -106 -167 -199 -170 -162 -219 -259 -224 -175 -131 -126 -23 249 346 254 190 41 -93 -39 -99 -281 -346 -473 -490 -259 -205 -249 -61 88 44 149 213 77 223 364 253 173 36,189 -207 -475 -615 -674 -671 -649 -581 -529 -546 -597 -571 -371 -156 -121 -152 -110 3 151 261 276 186 -11 -218 -289 -278 -322 -392 -408 -363 -259 -150 -98 -106 -167 -199 -170 -162 -219 -259 -224 -175 -131 -126 -23 249 346 254 190 41 -93 -39 -99 -281 -346 -473 -490 -259 -205 -249 -61 88 44 149 213 77 223 364 253 173 36 -75 -26 141 205 9 -135 -66 -54 -179 -318 -523 -600 -413 -241 -291 -449 -562 -638 -526 -327 -199 -158 -270 -177 101 194 241 249 59 -45 -24 -88 -82 -62 -121 -57 134 249 252 250 267 325 384 356 281 295 296 56 -273 -447 -503 -499 -398 -288 -292 -346 -325 -254 -182 -94 -47 -60 -84 -102 -42 71 109 154 242 218 149 185 269 333 357 306 258 228 182 194 179 95 64 82 101 117 130 133 185 250 274 346 413 394 382 360 278 224 165 85 67 79 65 20 -16
8,-8 22 57 17 37 117 93 48 83 96 84 92 79 75 85 67 77 89 77 89 110 98 84 81 71 94 84 37 50 101 111 63 44 86 161 171 78 -2 -115 -197 -147 -143 -216 -207 -49 122 220 301 429 549 557 605 674 589 418 142 -245 -547 -739 -951 -1052 -958 -786 -435 72 470 531 283 66 -12 -71 -163 -249 -256 -118 263 697 900 980 1114 1137 898 632 351 -137 -769 -1425 -2076 -2546 -2522 -2055 -1302 -486 106 590 1188 1821 2029 1610 922 328 -126 -626 -1033 -1141 -1121 -1048 -816 -346 190 563 760 776 804 959 911 466 -149 -732 -1150 -1203 -1167 -1346 -1414 -1146 -627 -42 400 697 950 1227 1474 1502 1266 849 362 -47 -442 -860 -1193 -1395 -1356 -1028 -628 -325 -59 153 233 238 164 26 -66 -125 -161 -177 -169 -77 -8 -17 -73 -200 -314 -345 -286 -203 -156 -125 -86 94 411 634 621 452 297 201 111,-1167 -1346 -1414 -1146 -627 -42 400 697 950 1227 1474 1502 1266 849 362 -47 -442 -860 -1193 -1395 -1356 -1028 -628 -325 -59 153 233 238 164 26 -66 -125 -161 -177 -169 -77 -8 -17 -73 -200 -314 -345 -286 -203 -156 -125 -86 94 411 634 621 452 297 201 111 -28 -197 -362 -457 -426 -360 -242 -74 -2 -10 -38 -57 -70 -35 73 183 277 244 102 -30 -110 -86 -118 -255 -303 -160 133 468 713 754 738 817 877 907 822 513 181 -28 -135 -256 -440 -539 -495 -384 -281 -223 -207 -216 -216 -249 -373 -529 -610 -576 -469 -343 -247 -209 -155 -36 57 95 149 200 229 275 315 355 403 390 357 432 556 622 685 739 753 742 627 393 144 -62 -245 -438 -617 -733 -802 -804 -714 -575 -404 -217 -85 -21 39 108 133 153 212 269 333 388 408 434 454 441 467 591 714 722 648 598 615 615 518 366 273 222 124 51 28,615 615 518 366 273 222 124 51 28 21 62 130 216 313 358 342 299 266 271 272 268 279 266 216 160 121 50 24 116 181 208 262 307 375 489 518 391 242 88 -76 -117 -48 -51 -141 -175 -120 24 231 383 468 514 543 565 596 626 592 525 464 431 408 339 262 236 250 220 180 183 152 140 177 157 85 28 41 103 111 73 58 84 166 289 416 506 544 560 594 662 733 744 676 589 536 495 436 381 326 273 220 128 36 -3 -3 27 52 23 -15 0 45 83 129 149 146 175 224 254 280 299 293 339 426 476 489 467 442 539 660 568 425 380 364 363 329 205 33 -54 -43 -40 -4 82 34 -100 -45 185 304 188 36 -12 62 216 234 90 -42 -36 62 139 198 199 172 184 230 299 298 179 64 68 94 102 130 53 -98 -75 109 170 129 197 292
8,245 301 181 82 235 403 341 279 283 213 169 181 203 223 224 174 111 182 293 279 171 143 238 254 293 377 237 95 265 306 60 159 429 309 96 173 343 265 138 158 97 -28 -55 -24 -14 -3 29 33 145 359 525 700 737 694 723 746 707 454 77 -269 -570 -816 -880 -721 -542 -374 -230 -120 -131 -341 -508 -396 -55 360 735 962 1258 1679 1853 1700 1452 1215 954 620 41 -816 -1898 -2869 -3272 -3048 -2404 -1785 -1302 -587 614 1747 2200 2221 2142 2085 1819 1109 151 -734 -1219 -1119 -762 -843 -1286 -1352 -787 110 808 957 642 259 333 793 772 -70 -1033 -1407 -1100 -592 -404 -666 -891 -566 224 1037 1368 1352 1224 1152 1172 1026 748 208 -506 -1138 -1396 -1223 -1027 -872 -600 -208 25 73 -72 -355 -387 -179 148 326 203 55 60 249 414 235 -285 -621 -565 -494 -416 -426 -654 -619 -253 139 450 494 436 499 628 621,621 382 129 -18 -92 -215 -385 -437 -312 -202 -292 -492 -677 -729 -679 -554 -295 38 386 505 410 351 253 168 162 69 -148 -236 -10 342 588 552 398 442 618 727 611 335 110 -10 -190 -397 -331 -169 -210 -411 -570 -526 -408 -343 -421 -676 -893 -929 -856 -746 -557 -385 -365 -293 -140 -68 -22 7 117 258 289 326 333 329 417 461 293 133 283 465 474 486 467 341 134 -88 -270 -472 -639 -701 -756 -875 -964 -906 -716 -504 -352 -300 -331 -272 -94 41 161 314 357 218 187 280 249 171 110 87 136 265 379 394 425 449 408 340 324 310 205 150 84 -105 -249 -198 -30 43 -7 -60 -1 131 198 168 55 -29 2 38 72 119 60 -101 -206 -191 -139 -99 -37 92 216 264 299 252 92 -24 -82 -146 -249 -383 -486 -503 -380 -217 -138 -52 111 245 281 272 299 440 567 503 338 244 256 280 235 121,272 270 251 251 290 323 308 291 293 282 278 294 303 285 269 291 305 292 282 297 332 353 347 338 356 380 379 375 383 385 368 345 338 332 323 320 325 326 316 319 338 359 366 353 353 374 374 367 377 382 390 383 364 345 311 300 305 294 269 241 252 284 315 352 355 359 395 409 393 381 380 372 365 365 353 326 313 311 304 322 338 335 352 373 382 397 419 438 445 439 444 443 402 344 319 329 332 325 318 318 336 346 350 366 373 380 380 358 333 317 332 352 342 344 354 339 337 359 375 367 341 336 358 369 360 360 369 393 413 405 410 409 396 397 392 384 370 365 369 359 348 335 349 376 371 362 369 379 374 371 381 386 377 372 374 372 363 356 354 344 339 336 338 336 306 299 325 337 326 311 316 320 324 340 338 324
8,104 327 360 261 190 145 107 139 152 158 209 177 142 140 119 143 109 61 84 110 176 218 145 157 249 179 121 207 257 223 189 186 183 168 135 152 54 -218 -287 -202 -151 -85 -32 95 328 486 548 689 723 620 661 653 475 313 184 7 -276 -625 -937 -1118 -1061 -827 -506 -223 -29 226 446 587 578 296 -91 -210 -53 57 203 235 319 739 1171 1280 890 425 283 516 730 245 -928 -2170 -2715 -2380 -1671 -1368 -1397 -947 -42 965 1756 2004 1862 1771 1678 1166 445 -169 -807 -1273 -1260 -1271 -1343 -1168 -1075 -911 -456 85 484 821 1097 1025 794 454 142 111 -34 -448 -736 -680 -572 -478 -354 -373 -210 337 842 1005 887 613 441 478 430 7 -587 -929 -1073 -1009 -677 -316 53 265 268 261 196 144 113 64 35 -95 -274 -518 -840 -930 -840 -701 -411 -234 -298 -217 111 418 682 929 908 639 409 238 113 23,-929 -1073 -1009 -677 -316 53 265 268 261 196 144 113 64 35 -95 -274 -518 -840 -930 -840 -701 -411 -234 -298 -217 111 418 682 929 908 639 409 238 113 23 -106 -283 -440 -396 -355 -408 -219 28 105 120 95 -48 -205 -361 -704 -886 -741 -493 -223 -145 -198 -79 256 490 567 717 737 602 511 396 291 168 55 62 23 -36 -15 116 384 427 291 254 155 49 -19 -130 -222 -312 -474 -724 -882 -914 -1043 -1176 -954 -539 -363 -297 -176 -98 -46 36 99 44 -51 -65 -38 82 303 484 553 570 682 727 671 659 505 364 376 306 103 -214 -584 -786 -642 -417 -365 -388 -425 -350 -233 -242 -288 -220 -38 -111 -350 -351 -338 -285 -26 151 214 228 264 422 503 472 500 588 628 610 611 557 417 316 282 232 181 151 25 -70 15 61 1 8 80 109 87 73 55 88 170 200 234 278 296 282 223 234 298,610 611 557 417 316 282 232 181 151 25 -70 15 61 1 8 80 109 87 73 55 88 170 200 234 278 296 282 223 234 298 273 164 72 69 87 127 187 154 52 -49 -111 -121 -77 -28 -60 -90 -84 -10 135 221 297 373 402 445 435 363 352 384 420 428 357 254 170 172 206 113 -42 -133 -117 9 94 -5 -170 -196 -82 72 197 167 47 43 137 265 390 405 358 399 500 581 603 521 443 456 465 401 335 290 246 266 294 237 161 127 50 -20 26 50 -19 -121 -160 -120 -77 -51 -75 -87 -28 91 204 213 188 272 439 522 502 442 428 491 511 468 416 365 345 360 339 267 174 87 41 45 76 52 -15 -51 -30 39 63 33 47 80 61 23 20 12 19 61 77 107 145 139 131 114 121 156 141 99 86 128 189 194 141 93 105 125 104 52 -5 43
8,229 187 125 147 151 84 166 284 222 129 130 203 288 390 431 322 196 193 283 354 287 183 200 250 260 241 254 279 239 199 237 312 317 302 274 218 224 272 312 350 325 206 169 197 180 201 228 162 71 88 161 205 229 224 198 162 179 258 307 263 123 14 75 203 217 164 168 172 149 161 194 212 191 193 205 153 121 116 128 118 98 147 99 9 -102 -19 326 455 477 207 -202 26 345 219 98 -30 -120 133 230 82 73 -4 -172 -60 108 65 148 195 142 165 82 217 290 -13 -101 -68 0 217 259 -159 -406 27 176 -3 20 -78 -102 124 267 152 5 71 126 98 17 -99 -24 13 -124 -96 -67 -129 -95 -147 -96 105 59 11 149 59 -133 -29 17 -84 -37 -79 -107 0 -148 -242 -84 -24 26 47 -32 -15 -14 -51 -25 -112 -204 -108 -37 -110 -105 -77,227 260 282 266 284 299 283 294 252 190 196 194 199 261 243 160 206 206 109 208 345 278 280 396 304 215 245 208 257 359 388 344 356 415 353 359 481 492 442 398 294 234 303 420 437 356 293 233 275 360 423 474 375 328 429 423 358 363 306 254 311 335 295 298 315 248 250 315 363 382 372 371 312 267 207 298 482 402 187 62 130 258 412 515 398 266 332 538 577 430 285 227 325 325 234 252 193 151 281 382 377 316 294 337 405 443 378 321 279 281 356 306 234 309 393 377 311 291 347 402 381 324 315 325 310 309 287 295 339 322 304 295 317 374 372 319 262 305 389 356 277 256 304 366 395 348 277 314 368 388 405 390 332 262 271 311 312 307 262 199 244 406 488 364 269 270 248 305 383 337 220 150 189 306 367 284,-323 -322 -333 -333 -334 -335 -330 -336 -336 -332 -328 -329 -339 -341 -349 -353 -348 -353 -351 -344 -337 -332 -338 -343 -346 -352 -359 -363 -367 -373 -372 -372 -375 -383 -388 -382 -388 -390 -386 -388 -375 -367 -372 -376 -368 -363 -369 -374 -382 -388 -391 -382 -370 -368 -368 -371 -370 -374 -385 -390 -396 -391 -390 -392 -382 -389 -406 -409 -400 -387 -382 -384 -390 -390 -390 -397 -401 -401 -402 -402 -399 -399 -409 -402 -394 -408 -419 -420 -421 -419 -407 -396 -393 -399 -413 -410 -408 -409 -408 -415 -411 -401 -393 -398 -406 -407 -419 -419 -416 -416 -398 -396 -411 -411 -405 -403 -399 -395 -395 -403 -413 -409 -396 -389 -398 -408 -396 -384 -389 -388 -381 -384 -401 -417 -414 -407 -407 -407 -416 -416 -409 -401 -395 -400 -395 -396 -402 -391 -386 -384 -376 -380 -383 -390 -399 -383 -381 -392 -402 -416 -402 -393 -391 -381 -383 -379 -381 -383 -374 -379 -375 -368 -375 -375 -364 -363
8,270 347 313 236 229 290 354 399 406 338 244 233 260 257 269 272 229 174 184 237 279 298 247 210 239 271 286 289 305 289 203 141 173 235 255 232 200 196 217 247 266 269 301 324 269 215 224 248 237 214 209 235 268 244 223 220 215 222 190 163 100 73 202 446 596 347 154 256 283 289 269 247 164 105 280 281 59 127 319 21 -153 239 415 351 386 381 142 192 711 504 -194 -125 211 152 291 488 57 -193 138 330 303 196 97 103 121 208 357 387 331 127 -64 162 448 286 7 88 205 72 125 235 17 10 297 266 128 203 210 103 78 119 156 232 234 118 88 122 70 7 88 221 154 21 153 289 127 46 192 210 90 99 226 234 60 -82 13 197 172 52 108 187 115 68 141 161 69 70 140 100 111 187 111 -90 -243 -276 -227 -113,187 111 -90 -243 -276 -227 -113 -45 -10 141 291 343 447 564 564 600 622 494 286 66 -54 -104 -275 -629 -892 -880 -701 -435 -293 -320 -346 -239 154 550 587 309 -105 -480 -618 -526 -552 -723 -712 -186 692 1352 1559 1386 1238 1209 1044 617 -112 -878 -1355 -1724 -2249 -2483 -2309 -1747 -728 162 831 1273 1374 1432 1489 1240 589 -421 -1679 -2311 -2039 -1626 -1353 -928 -193 704 1740 2326 2060 1518 923 411 78 -521 -1639 -2737 -3221 -3037 -2336 -1669 -1140 -236 911 1955 2699 2780 2272 1702 1330 947 136 -1058 -1990 -2086 -1664 -1561 -1636 -1344 -797 6 1036 1720 1698 1273 789 281 -223 -889 -1735 -2295 -2327 -1917 -1308 -762 -252 218 678 1200 1498 1314 777 317 83 -149 -478 -865 -1093 -1113 -1032 -826 -504 -139 111 363 699 850 663 184 -227 -294 -269 -423 -673 -797 -772 -673 -528 -430 -378 -243 -67 -41 -141 -220 -317 -467 -568 -468 -217 -30 148 502 908 1150,111 363 699 850 663 184 -227 -294 -269 -423 -673 -797 -772 -673 -528 -430 -378 -243 -67 -41 -141 -220 -317 -467 -568 -468 -217 -30 148 502 908 1150 1123 919 798 701 436 85 -266 -671 -1007 -1099 -959 -699 -602 -628 -558 -363 -65 49 -154 -481 -789 -960 -998 -1099 -1231 -1204 -1047 -828 -561 -268 -27 159 332 487 681 766 644 501 372 245 161 113 113 203 362 508 603 640 592 392 80 -252 -621 -965 -1247 -1464 -1526 -1389 -1144 -947 -807 -594 -262 8 122 111 93 233 463 627 531 274 147 156 186 175 227 270 272 410 512 439 336 255 153 50 -55 -181 -219 -166 -120 -90 -50 -3 53 136 201 196 120 58 73 120 106 25 14 71 68 32 23 14 20 78 141 120 9 -107 -115 -58 -86 -198 -311 -350 -314 -183 -50 -63 -137 -169 -31 209 343 328 204 139 217 355 386 304 283 367 478 478 365 208
8,-11 32 7 -21 58 126 117 63 42 95 115 158 207 76 -33 26 74 48 22 53 83 69 82 131 97 37 84 56 -37 -72 -125 -182 -230 -244 -253 -196 22 264 377 398 434 440 466 487 381 229 11 -251 -392 -408 -469 -576 -598 -521 -393 -189 62 117 -7 -44 102 310 389 304 85 -71 -18 56 -128 -533 -881 -988 -791 -542 -326 -39 322 783 1150 1330 1317 1077 774 561 323 -185 -935 -1685 -2110 -2071 -1790 -1410 -832 -86 582 1036 1219 1127 927 715 323 -229 -720 -1057 -1103 -849 -472 -205 -74 194 609 937 1054 876 445 35 -224 -469 -781 -1152 -1510 -1621 -1351 -844 -322 29 279 593 907 1146 1303 1302 1093 718 288 -89 -373 -590 -806 -952 -916 -752 -486 -107 298 594 698 605 309 -160 -594 -826 -895 -845 -703 -486 -210 71 289 442 545 521 410 292 116 -102 -308 -456 -459 -349 -241 -191 -130 35 205 283,35 205 283 313 324 292 208 114 37 -8 -26 -51 -121 -221 -322 -443 -540 -519 -347 -88 110 205 247 241 215 187 131 81 71 83 177 384 571 636 613 567 574 580 447 198 -94 -337 -505 -593 -521 -357 -264 -282 -287 -221 -145 -99 -124 -213 -344 -527 -664 -638 -535 -462 -393 -284 -132 39 205 345 462 565 591 570 611 635 585 544 471 331 299 449 588 582 471 329 213 153 90 -74 -343 -624 -784 -756 -583 -396 -321 -313 -269 -135 18 120 202 270 307 285 301 380 376 291 223 219 254 342 421 447 533 573 540 552 499 420 420 311 180 204 169 139 207 124 30 224 390 321 421 486 226 145 152 84 200 283 172 74 142 175 68 46 128 141 153 150 32 30 166 281 236 59 -121 -260 -155 28 210 280 65 155 476 529 584 641 456 356 475 514 542 541 359 231 301 370,533 573 540 552 499 420 420 311 180 204 169 139 207 124 30 224 390 321 421 486 226 145 152 84 200 283 172 74 142 175 68 46 128 141 153 150 32 30 166 281 236 59 -121 -260 -155 28 210 280 65 155 476 529 584 641 456 356 475 514 542 541 359 231 301 370 342 314 229 96 41 -15 -44 88 130 -83 -222 -138 -29 40 157 252 265 320 420 496 531 571 606 625 632 552 507 489 361 330 431 436 321 254 247 236 242 198 134 81 31 54 73 45 87 172 195 186 181 175 189 207 208 233 287 317 335 329 309 333 327 319 395 461 457 403 354 341 319 258 182 131 115 116 106 86 108 144 143 161 204 230 214 184 210 241 197 143 147 163 162 158 139 137 156 160 155 132 133 180 204 222 254 248 210 209 238 232 201 178 154 167
8,168 217 160 123 155 157 158 262 322 261 226 289 328 257 202 220 249 249 178 137 202 238 220 207 181 185 211 234 216 161 132 156 258 258 163 150 181 210 276 369 289 149 214 343 315 184 145 162 212 302 257 163 187 303 339 240 166 191 261 227 120 -37 64 456 553 477 224 -38 162 413 387 283 129 12 301 511 343 253 104 -58 56 305 389 314 323 314 207 249 559 470 -115 -55 330 244 174 215 96 -89 93 457 399 236 231 194 191 325 425 311 215 138 26 236 470 301 78 36 87 240 352 245 98 133 251 201 149 237 145 36 150 230 270 263 114 70 229 276 209 238 247 224 207 199 306 386 188 2 57 70 113 125 -26 -9 84 93 296 632 696 615 660 649 596 640 609 427 172 -82 -176 -282 -541 -608 -548 -741 -1099 -1333 -1520 -1591,325 425 311 215 138 26 236 470 301 78 36 87 240 352 245 98 133 251 201 149 237 145 36 150 230 270 263 114 70 229 276 209 238 247 224 207 199 306 386 188 2 57 70 113 125 -26 -9 84 93 296 632 696 615 660 649 596 640 609 427 172 -82 -176 -282 -541 -608 -548 -741 -1099 -1333 -1520 -1591 -1179 -478 313 1242 1869 2314 2990 3336 3153 2716 2132 1508 665 -368 -1582 -2986 -4217 -4909 -4660 -3652 -2481 -1287 9 1206 2052 2672 3093 3241 3045 2284 1060 161 -159 -408 -675 -1234 -1767 -1705 -1491 -1371 -1109 -428 268 667 793 580 410 262 5 -111 -23 -256 -855 -917 -634 -417 -155 -226 -312 349 1616 2378 1989 1209 815 1048 1304 629 -572 -1609 -2113 -1686 -951 -835 -1123 -1038 -692 -460 -288 -331 -236 270 767 1113 1236 944 385 87 26 -250 -684 -1074 -1319 -1398 -1242 -873 -490 -184 122 590 1037 1248 1252 1011 644,-1609 -2113 -1686 -951 -835 -1123 -1038 -692 -460 -288 -331 -236 270 767 1113 1236 944 385 87 26 -250 -684 -1074 -1319 -1398 -1242 -873 -490 -184 122 590 1037 1248 1252 1011 644 372 48 -395 -711 -872 -796 -411 -112 -128 -148 -103 -241 -555 -755 -678 -441 -203 -74 -58 -201 -415 -402 -125 136 207 230 304 519 813 914 829 655 550 587 558 263 -190 -483 -627 -696 -628 -488 -320 -121 85 148 19 -122 -230 -506 -1013 -1414 -1511 -1413 -1250 -1085 -873 -648 -438 -218 -18 220 448 520 554 629 619 526 410 271 182 215 179 46 79 224 269 227 118 -111 -366 -564 -814 -1062 -1162 -1155 -1049 -824 -553 -325 -166 -83 -63 -19 26 -32 -144 -215 -226 -124 39 86 23 3 65 167 295 398 473 588 712 748 636 426 204 33 -76 -209 -342 -429 -484 -492 -438 -320 -175 -10 176 314 340 280 199 124 44 -27 -64 -81 -125 -216 -274 -236
8,-260 -226 -137 -6 129 288 430 482 452 498 570 533 450 326 159 -18 -184 -357 -613 -778 -673 -502 -400 -295 -288 -362 -231 97 347 381 292 282 468 582 362 -72 -589 -840 -699 -441 -344 -326 3 484 985 1270 984 578 488 651 642 178 -657 -1383 -1498 -1361 -1257 -1156 -955 -369 394 914 1111 1145 1045 699 295 -41 -559 -1235 -1693 -1605 -963 -283 -67 41 476 938 1270 1439 1255 915 517 -55 -475 -617 -984 -1561 -1771 -1585 -1195 -613 -54 279 564 945 1332 1643 1591 1108 605 280 36 -318 -723 -942 -976 -956 -836 -468 39 502 824 928 811 462 -109 -638 -832 -862 -961 -1104 -1149 -788 -117 338 555 787 892 788 741 703 443 170 49 -91 -291 -434 -513 -508 -310 -73 1 36 147 297 401 437 413 338 217 35 -69 -97 -186 -415 -684 -646 -319 -54 38 51 83 101 120 218 273 171 16 64 338 571 699 765 787 818,-117 338 555 787 892 788 741 703 443 170 49 -91 -291 -434 -513 -508 -310 -73 1 36 147 297 401 437 413 338 217 35 -69 -97 -186 -415 -684 -646 -319 -54 38 51 83 101 120 218 273 171 16 64 338 571 699 765 787 818 846 840 714 490 291 107 -84 -252 -372 -426 -435 -416 -350 -315 -340 -372 -373 -347 -368 -439 -488 -509 -495 -414 -316 -217 -150 -121 7 231 476 656 721 749 801 897 905 745 546 427 453 605 707 640 533 479 424 363 256 38 -193 -369 -521 -599 -616 -669 -681 -590 -429 -238 -145 -137 -66 86 253 396 512 583 642 696 669 604 560 512 501 540 607 654 636 589 477 362 316 282 234 144 88 92 94 102 145 216 281 345 366 336 356 420 472 493 462 393 316 281 256 179 99 34 8 59 121 166 208 237 253 246 221 188 157 138 79 -4 -15 33,540 607 654 636 589 477 362 316 282 234 144 88 92 94 102 145 216 281 345 366 336 356 420 472 493 462 393 316 281 256 179 99 34 8 59 121 166 208 237 253 246 221 188 157 138 79 -4 -15 33 115 256 367 400 433 479 513 525 506 474 457 455 423 378 360 353 346 332 293 241 165 109 120 112 76 53 16 2 -4 -40 -11 101 180 210 272 370 481 598 668 679 653 621 615 599 564 523 475 442 438 446 418 348 256 150 70 48 51 55 37 -17 -38 -1 46 87 119 147 181 234 270 276 297 334 377 427 494 521 471 438 447 476 515 510 435 354 315 270 218 162 85 15 3 33 40 35 51 77 104 125 115 102 115 137 165 168 132 69 68 156 177 120 79 71 110 185 253 259 218 197 210 239 273 274 210 141 113 101 88
8,-45 -1160 613 1318 -940 -1397 33 84 495 854 -528 -1661 -2118 19 2755 1466 -810 -1689 -1232 576 2060 1849 471 -1029 -1707 -318 1441 1479 677 -791 -1694 -1108 -631 1116 2177 -563 -1797 -481 -367 427 1619 1350 533 -853 -1106 154 687 358 253 23 -366 -75 -103 -40 49 -426 -273 216 -156 -958 -486 732 1159 289 -151 309 -232 -548 614 1901 1446 -415 -1386 -603 250 278 938 444 -1538 -1126 617 1047 616 388 57 -709 -448 612 1264 654 -564 -758 -652 -557 65 714 762 360 -255 -417 344 789 665 345 82 173 139 -26 -25 156 119 -201 -625 -709 0 529 368 24 -232 -45 370 362 397 750 446 -145 35 451 372 -16 -163 10 236 220 -74 -213 -153 125 435 426 448 457 223 112 206 409 558 200 -124 -78 -110 40 233 99 -170 -174 36 301 562 339 -141 -181 280 640 464 79 35 22 -179 103 398 191 -19 104 293 183,18 129 197 190 181 222 227 151 -58 -298 -487 -607 -665 -749 -800 -748 -567 -254 13 68 -2 -31 46 177 212 -18 -432 -728 -753 -621 -574 -620 -644 -494 -163 110 165 -52 -359 -514 -481 -350 -167 -17 40 174 400 507 379 200 135 166 238 181 -169 -711 -1077 -1165 -1107 -997 -866 -590 -240 -45 -49 -150 -340 -586 -742 -833 -917 -930 -795 -387 288 876 1135 1192 1169 1080 834 436 -67 -661 -1228 -1647 -1892 -2099 -2140 -1855 -1336 -530 296 759 1031 1230 1281 1362 1247 735 289 -77 -543 -771 -626 -588 -650 -484 -530 -616 -364 -165 46 280 202 -65 -150 -233 -673 -994 -849 -616 -396 -43 141 119 208 520 867 844 586 141 -237 -125 46 16 -434 -902 -683 -322 -237 -267 -379 -365 -24 314 426 360 101 -85 -87 44 283 299 57 -138 -239 -380 -552 -540 -426 -474 -556 -581 -638 -505 25 445 400 383 565 753 905 992 918 698,-237 -267 -379 -365 -24 314 426 360 101 -85 -87 44 283 299 57 -138 -239 -380 -552 -540 -426 -474 -556 -581 -638 -505 25 445 400 383 565 753 905 992 918 698 546 464 451 425 102 -285 -279 -147 -259 -396 -514 -590 -527 -502 -351 -71 -113 -468 -701 -645 -531 -517 -456 -303 -320 -365 -133 125 180 117 151 311 463 541 408 221 273 425 489 532 659 812 909 976 853 616 627 654 359 -92 -433 -720 -983 -981 -875 -871 -918 -951 -817 -408 127 339 170 -50 -57 191 326 336 452 575 612 545 495 484 338 177 164 234 297 215 39 -17 46 110 145 211 309 373 370 306 230 294 483 494 304 187 188 185 174 215 265 267 153 -52 -102 24 118 126 88 22 -36 -2 73 100 152 233 264 248 192 152 186 217 165 71 5 0 66 173 210 183 168 208 312 388 406 370 307 314 359 364
8,-81 -230 -270 -255 -409 -393 -210 26 201 181 176 357 640 711 596 450 330 263 180 -9 -297 -510 -763 -979 -854 -670 -613 -539 -455 -270 -15 230 407 372 192 -50 -165 -284 -452 -610 -803 -595 57 821 1200 1232 1269 1228 1284 1196 672 -144 -1077 -1712 -1927 -2099 -2364 -2330 -1809 -927 129 1067 1559 1519 1413 1446 1333 999 262 -1321 -2747 -2615 -1633 -1007 -883 -643 122 1289 2340 2491 1890 1049 272 41 62 -595 -2070 -3306 -3360 -2446 -1441 -929 -608 45 1103 2313 3064 2818 2025 1462 1166 759 2 -1013 -1687 -1612 -1534 -1876 -1887 -1284 -488 215 852 1357 1400 1057 626 237 -103 -668 -1341 -1594 -1443 -1178 -945 -731 -373 163 702 1007 1087 953 647 500 550 459 -4 -505 -649 -640 -686 -707 -599 -370 7 433 624 593 423 194 185 354 346 86 -348 -758 -807 -539 -347 -457 -591 -469 -231 -13 152 206 82 -157 -215 30 289 392 472 683 942 1037,-3360 -2446 -1441 -929 -608 45 1103 2313 3064 2818 2025 1462 1166 759 2 -1013 -1687 -1612 -1534 -1876 -1887 -1284 -488 215 852 1357 1400 1057 626 237 -103 -668 -1341 -1594 -1443 -1178 -945 -731 -373 163 702 1007 1087 953 647 500 550 459 -4 -505 -649 -640 -686 -707 -599 -370 7 433 624 593 423 194 185 354 346 86 -348 -758 -807 -539 -347 -457 -591 -469 -231 -13 152 206 82 -157 -215 30 289 392 472 683 942 1037 1023 958 797 672 491 156 -77 -328 -622 -616 -566 -739 -771 -597 -552 -369 1 -103 -414 -468 -587 -601 -413 -422 -595 -594 -463 -460 -356 -57 131 217 294 320 505 830 944 790 574 505 419 398 533 533 632 597 348 438 408 70 -131 -347 -719 -873 -780 -842 -840 -752 -802 -682 -405 -220 -183 -117 50 161 271 414 539 684 755 755 691 415 205 360 665 810 658 330 118 102 185 335 274 -52 -160 29,658 330 118 102 185 335 274 -52 -160 29 235 303 119 -38 117 300 290 178 150 244 234 216 332 271 118 253 374 279 278 263 131 68 79 197 307 197 82 93 93 146 204 74 -97 -154 -173 -60 51 -25 -36 126 306 383 375 397 471 504 471 455 439 387 379 402 375 313 254 232 213 200 193 63 -111 -172 -137 -107 -207 -362 -375 -199 57 209 238 230 280 464 641 694 713 784 807 717 642 641 595 425 326 433 505 391 208 74 31 -10 -84 -144 -195 -187 -146 -148 -154 -81 45 142 161 147 234 346 370 336 327 404 477 456 346 301 382 443 503 553 463 375 370 333 296 208 69 52 67 2 -34 -17 -9 7 59 83 59 60 102 85 53 48 -18 -38 27 48 42 66 104 98 82 102 117 139 154 131 121 134 144 126 56 4 11 27 38 38 28 39
8,-282 -274 -255 -250 -257 -255 -257 -279 -299 -313 -356 -382 -381 -397 -409 -386 -330 -278 -205 -124 -73 -28 -18 -15 -14 -50 -88 -142 -239 -335 -392 -451 -495 -453 -381 -324 -247 -170 -131 -135 -165 -165 -160 -195 -279 -378 -400 -347 -306 -317 -320 -275 -231 -238 -274 -244 -162 -103 -71 -63 -76 -86 -91 -111 -152 -189 -179 -176 -190 -172 -187 -237 -224 -133 -35 53 153 187 135 81 57 11 -92 -222 -353 -447 -480 -504 -529 -501 -421 -350 -273 -170 -98 -62 -12 47 99 136 141 95 -1 -104 -181 -220 -263 -342 -393 -403 -391 -327 -226 -139 -63 18 110 208 261 256 254 245 162 35 -81 -170 -230 -295 -375 -428 -403 -302 -205 -137 -77 -17 40 99 155 173 133 64 22 0 -45 -100 -137 -134 -93 -32 44 91 140 208 230 222 156 61 29 8 -48 -99 -133 -181 -206 -151 -71 -18 12 27 24 20 69 145 150 89,91 140 208 230 222 156 61 29 8 -48 -99 -133 -181 -206 -151 -71 -18 12 27 24 20 69 145 150 89 35 8 -8 -21 -53 -117 -168 -186 -176 -160 -144 -98 -43 2 59 114 171 243 292 319 336 323 261 174 108 61 27 36 57 50 73 86 83 110 72 32 66 59 32 62 21 -52 -13 -42 -138 -57 96 72 59 149 51 -51 -19 2 60 124 161 153 212 283 250 337 482 494 410 347 312 257 253 310 351 315 209 63 50 198 348 368 156 62 164 159 136 91 -34 -82 -51 6 138 209 77 -70 -42 53 119 199 218 148 111 126 156 273 365 262 147 147 187 250 320 352 326 295 294 349 418 414 428 448 362 214 143 232 306 232 120 3 -31 115 270 337 366 273 153 234 329 270 233 211 185 253 356 379 300 224 220 241 295 400 438 373 343,164 159 136 91 -34 -82 -51 6 138 209 77 -70 -42 53 119 199 218 148 111 126 156 273 365 262 147 147 187 250 320 352 326 295 294 349 418 414 428 448 362 214 143 232 306 232 120 3 -31 115 270 337 366 273 153 234 329 270 233 211 185 253 356 379 300 224 220 241 295 400 438 373 343 353 298 289 369 375 345 347 320 278 286 326 335 301 215 133 187 396 517 408 245 165 183 246 253 248 307 326 249 238 310 283 193 221 292 317 355 359 329 375 417 332 274 309 318 268 182 161 259 350 338 304 315 357 363 335 363 404 371 261 149 143 208 257 304 337 313 285 310 320 273 242 279 332 305 221 187 258 364 346 249 212 235 332 419 396 283 229 339 431 399 325 292 293 292 319 299 234 219 231 265 289 276 282 302 325
8,102 151 376 179 -24 241 391 221 111 229 259 166 262 298 147 122 131 107 231 333 215 73 196 344 214 130 224 278 235 210 233 195 227 301 202 69 32 0 -47 -47 -64 -158 -177 -13 220 446 570 507 439 552 756 838 802 628 306 37 -193 -428 -695 -987 -965 -699 -468 -62 464 662 581 562 442 229 157 47 -201 -238 -9 129 410 799 973 1115 1080 808 674 604 154 -541 -1145 -1645 -1963 -1935 -1612 -1219 -659 17 700 1462 1872 1654 1083 728 675 373 -335 -1010 -1107 -836 -639 -452 -254 -96 226 797 1200 1273 1123 632 43 -227 -293 -469 -771 -1060 -1195 -998 -604 -350 -139 136 391 746 1191 1467 1439 1239 964 623 278 -124 -579 -957 -1176 -1101 -752 -332 -108 -99 -24 218 543 711 547 157 -174 -240 -194 -162 -136 -126 -131 -209 -263 -199 -160 -217 -212 -57 128 265 320 386 555 622 530 443 319 64,-217 -212 -57 128 265 320 386 555 622 530 443 319 64 -196 -353 -467 -496 -373 -174 34 204 301 357 365 307 198 94 28 -113 -250 -212 -117 -87 -98 -85 -55 -1 135 327 471 537 616 738 775 654 512 429 379 341 219 20 -115 -141 -123 -137 -197 -203 -98 -28 -55 -133 -256 -385 -500 -621 -703 -674 -541 -356 -164 -51 -2 66 95 43 -18 -41 -8 68 132 173 260 383 501 617 729 817 880 904 824 697 536 316 103 -97 -261 -412 -573 -671 -649 -544 -477 -412 -300 -179 -69 -11 -51 -134 -106 22 154 241 242 218 345 602 695 588 486 441 509 649 661 552 465 455 487 525 491 362 270 205 187 289 310 187 99 110 178 202 126 61 75 133 200 262 322 321 297 293 268 243 246 225 152 130 170 204 242 241 207 200 156 43 -60 -138 -176 -129 -57 -29 28 149 306 467 527,465 455 487 525 491 362 270 205 187 289 310 187 99 110 178 202 126 61 75 133 200 262 322 321 297 293 268 243 246 225 152 130 170 204 242 241 207 200 156 43 -60 -138 -176 -129 -57 -29 28 149 306 467 527 512 544 601 595 527 476 436 383 330 263 214 195 154 124 166 182 143 142 133 145 173 135 118 113 70 65 96 106 140 217 275 382 548 633 617 598 625 636 583 499 419 399 414 375 329 300 252 204 167 128 53 15 18 -16 -4 37 20 21 39 53 124 196 199 214 274 298 326 393 391 355 383 442 463 446 439 409 356 360 386 335 258 210 147 102 91 79 58 39 54 70 62 72 101 124 121 98 63 37 44 82 112 96 96 121 133 172 211 228 218 202 195 157 139 157 147 115 94 68 32 41 50 30 57 146 232
8,88 -111 -106 192 340 90 -110 15 159 81 -46 37 185 90 -66 -12 116 45 -215 -135 152 74 39 72 -124 -156 144 243 -22 -3 127 39 129 181 15 2 111 31 -129 -109 -113 -250 -326 -280 -271 -267 30 426 497 486 719 708 516 690 750 445 41 -436 -802 -877 -975 -1192 -1131 -1004 -684 226 899 696 294 55 -256 -203 -229 -516 -363 -193 226 1028 1538 1486 1131 998 1046 1077 700 -363 -1691 -2503 -2632 -2452 -2230 -2022 -1371 -479 377 1298 2090 2485 2095 1519 1017 145 -627 -1165 -1707 -1975 -1710 -1033 -144 559 801 858 965 1233 1413 1223 695 -214 -1068 -1509 -1654 -1730 -1965 -2099 -1847 -1010 55 779 1341 1643 1797 2047 2013 1570 830 74 -513 -1000 -1398 -1756 -1853 -1636 -1341 -649 479 1315 1534 1462 1223 728 211 -323 -999 -1528 -1821 -1912 -1611 -1047 -546 -85 479 1038 1280 1125 896 744 518 122 -268 -403 -496 -802 -1130 -1113 -722 -214,-1965 -2099 -1847 -1010 55 779 1341 1643 1797 2047 2013 1570 830 74 -513 -1000 -1398 -1756 -1853 -1636 -1341 -649 479 1315 1534 1462 1223 728 211 -323 -999 -1528 -1821 -1912 -1611 -1047 -546 -85 479 1038 1280 1125 896 744 518 122 -268 -403 -496 -802 -1130 -1113 -722 -214 237 485 616 713 773 844 718 333 -10 -184 -397 -712 -948 -1050 -1039 -848 -478 -46 296 425 462 546 447 71 -162 -85 -65 -163 -109 123 428 775 1016 1068 1071 936 614 346 224 116 -159 -589 -917 -964 -842 -708 -527 -311 -205 -254 -270 -193 -259 -508 -754 -826 -744 -701 -699 -620 -444 -254 -101 78 315 539 657 658 616 607 592 479 313 231 258 342 445 513 551 515 399 225 -42 -351 -588 -648 -654 -769 -932 -1020 -911 -685 -497 -338 -193 -97 -35 85 259 440 618 665 550 456 442 408 383 388 342 363 515 645 679 661 611 510 430 359 238 140 38 -82,-490 -479 -460 -457 -480 -506 -495 -461 -440 -426 -423 -420 -419 -440 -459 -460 -459 -482 -521 -540 -549 -550 -555 -581 -588 -575 -559 -538 -548 -569 -575 -577 -567 -570 -597 -620 -618 -597 -579 -572 -569 -579 -590 -560 -530 -546 -590 -611 -567 -526 -542 -591 -636 -651 -648 -633 -624 -648 -679 -688 -674 -668 -669 -670 -681 -676 -660 -668 -696 -714 -693 -668 -674 -692 -697 -706 -710 -681 -653 -667 -698 -714 -710 -700 -692 -698 -711 -726 -730 -701 -673 -672 -685 -697 -681 -647 -619 -607 -609 -597 -580 -569 -576 -600 -600 -595 -602 -614 -633 -644 -642 -633 -619 -617 -619 -603 -591 -595 -586 -566 -558 -570 -586 -587 -573 -567 -571 -577 -598 -614 -614 -596 -576 -587 -600 -602 -595 -570 -562 -574 -595 -614 -606 -592 -593 -598 -605 -602 -594 -594 -577 -563 -570 -573 -580 -573 -550 -534 -537 -549 -544 -515 -489 -480 -493 -513 -515 -512 -516 -529 -553 -564 -546 -529 -533 -530
8,69 142 182 85 98 217 152 36 97 150 173 215 153 47 31 89 124 176 219 145 46 40 121 121 30 43 104 163 212 116 13 57 49 -116 -203 -145 -111 -138 -86 87 194 310 583 765 620 461 574 641 535 338 64 -190 -365 -473 -648 -823 -848 -706 -434 -99 227 286 248 488 878 1024 600 -128 -655 -831 -800 -629 -444 -416 -253 273 917 1246 1196 1009 881 988 1048 548 -344 -1001 -1325 -1602 -1868 -1861 -1332 -605 -24 450 800 987 1068 1025 717 227 -315 -904 -1237 -1050 -633 -322 -121 95 493 937 1203 1231 971 645 341 -200 -869 -1347 -1647 -1773 -1688 -1444 -960 -305 306 801 1120 1262 1289 1166 976 807 496 76 -265 -605 -842 -694 -436 -411 -327 -31 320 795 1073 881 464 -41 -558 -985 -1206 -1363 -1462 -1226 -759 -271 173 520 766 964 990 843 612 283 -8 -299 -508 -599 -665 -652 -587 -268 183 422 566 658,566 658 636 598 559 410 200 41 -99 -179 -125 -139 -342 -469 -407 -371 -387 -314 -186 16 187 79 -96 -79 35 157 250 312 422 601 787 877 888 871 748 597 487 315 75 -134 -316 -499 -578 -510 -338 -91 107 107 -53 -200 -306 -414 -532 -668 -801 -973 -970 -672 -395 -326 -329 -165 89 307 466 559 659 692 637 561 549 591 584 592 696 733 632 713 953 996 789 396 -84 -431 -540 -633 -845 -1116 -1294 -1136 -748 -381 -144 -96 -46 118 233 265 283 354 432 389 359 429 446 388 415 486 499 529 567 612 707 723 598 469 362 263 224 181 80 -2 14 102 155 183 254 353 435 436 396 384 373 315 248 261 274 217 200 223 178 94 56 36 38 81 137 226 280 233 169 121 71 34 3 -45 -68 -12 59 99 144 223 311 388 447 461 473 513 551 559 544 531 491 450 447 436,529 567 612 707 723 598 469 362 263 224 181 80 -2 14 102 155 183 254 353 435 436 396 384 373 315 248 261 274 217 200 223 178 94 56 36 38 81 137 226 280 233 169 121 71 34 3 -45 -68 -12 59 99 144 223 311 388 447 461 473 513 551 559 544 531 491 450 447 436 388 316 243 177 126 62 -25 -83 -106 -117 -131 -125 -78 3 88 150 215 324 472 576 645 697 670 620 611 609 608 596 534 474 485 506 492 445 336 222 141 73 35 10 -27 -58 -44 -13 14 64 100 131 184 248 302 305 277 283 319 357 387 400 398 399 456 507 506 518 518 462 386 362 340 228 81 -17 -24 2 -6 -33 -38 -6 54 117 146 150 156 165 169 132 68 72 148 197 210 187 152 173 200 185 165 142 127 156 198 190 135 98 86 67 86 113 93
8,166 85 -16 43 146 122 55 85 127 101 80 51 11 16 62 116 99 48 57 116 209 223 124 92 132 68 -37 -104 -171 -229 -271 -253 -188 -82 87 280 432 503 506 485 536 589 526 379 150 -137 -327 -412 -604 -859 -927 -820 -589 -203 149 272 221 280 517 666 595 430 325 173 142 137 -220 -698 -972 -925 -783 -632 -469 -208 386 962 1054 785 630 697 895 807 184 -467 -882 -1031 -1042 -1065 -1179 -1151 -612 79 569 726 561 385 461 667 578 70 -629 -1043 -956 -592 -202 -17 70 226 417 612 655 502 280 114 102 11 -300 -512 -583 -652 -655 -552 -378 -270 -247 -191 11 329 503 473 399 452 600 558 396 362 303 175 87 -60 -215 -230 -163 -176 -266 -300 -369 -510 -619 -617 -501 -276 60 254 277 313 371 426 400 298 146 -23 -162 -242 -195 -100 -50 -41 -82 -116 -50 53 73 28 -19 -63,298 146 -23 -162 -242 -195 -100 -50 -41 -82 -116 -50 53 73 28 -19 -63 -29 93 182 254 361 421 357 274 235 74 -156 -322 -418 -398 -311 -187 -35 57 96 153 230 301 341 365 409 452 472 483 477 452 423 351 231 113 64 84 75 32 8 -9 -57 -118 -148 -175 -222 -275 -322 -332 -323 -351 -399 -408 -310 -157 -70 -26 11 79 190 272 301 306 302 306 355 415 442 467 527 599 636 645 643 630 624 600 499 343 144 -85 -247 -335 -429 -517 -536 -473 -357 -217 -129 -79 -1 82 161 204 221 246 306 415 490 490 489 496 501 527 493 430 445 498 533 542 513 417 354 350 298 243 213 158 121 153 231 295 324 348 382 430 463 466 481 477 435 401 348 273 221 178 112 43 19 37 79 134 192 258 300 336 339 255 209 224 214 198 175 139 151 214 272 325 382,542 513 417 354 350 298 243 213 158 121 153 231 295 324 348 382 430 463 466 481 477 435 401 348 273 221 178 112 43 19 37 79 134 192 258 300 336 339 255 209 224 214 198 175 139 151 214 272 325 382 401 393 405 395 367 372 380 359 338 343 345 330 349 374 345 289 268 265 220 151 76 17 5 0 -1 22 53 108 189 262 324 382 435 478 510 527 528 551 552 518 505 481 437 388 336 303 282 262 217 158 120 100 103 88 58 59 68 86 117 124 125 140 167 203 224 242 275 294 292 304 315 325 360 375 368 363 354 339 297 241 188 140 91 50 21 -17 -30 -19 0 25 51 89 98 95 128 146 135 132 145 168 193 188 151 121 111 120 122 102 97 122 144 152 161 146 116 102 93 85 91 98 108 115 99 113 131 124
8,80 159 216 121 77 119 54 17 154 167 -68 -158 -10 60 5 3 52 86 116 121 170 222 171 125 147 152 106 86 55 -32 -92 -116 -162 -261 -254 -146 -109 -51 85 229 356 493 518 481 533 512 431 373 266 85 -86 -258 -525 -781 -899 -875 -718 -510 -405 -404 -251 162 565 809 824 561 346 340 242 -101 -484 -720 -592 -168 65 67 172 471 786 954 816 470 91 -346 -581 -663 -1050 -1698 -1920 -1345 -498 88 283 414 917 1595 1845 1292 361 -241 -532 -820 -1200 -1567 -1622 -1272 -744 -227 71 194 534 986 1336 1533 1160 374 -49 -37 -159 -503 -908 -1371 -1382 -838 -476 -481 -380 55 532 796 902 845 656 451 238 85 -107 -519 -896 -918 -604 -149 280 479 509 659 791 624 174 -316 -691 -991 -1213 -1362 -1316 -1026 -669 -223 211 455 574 644 802 960 783 467 235 -44 -150 -111 -368 -704 -629 -423 -340 -39,-896 -918 -604 -149 280 479 509 659 791 624 174 -316 -691 -991 -1213 -1362 -1316 -1026 -669 -223 211 455 574 644 802 960 783 467 235 -44 -150 -111 -368 -704 -629 -423 -340 -39 204 54 31 184 227 371 514 344 55 -89 -277 -569 -620 -499 -447 -327 -177 -72 61 195 361 410 210 -73 -190 1 226 418 521 327 343 609 724 818 790 544 286 129 -29 -122 -109 -309 -550 -556 -391 -250 -221 -284 -521 -717 -848 -815 -492 -278 -463 -797 -746 -450 -142 61 -44 -119 129 553 746 683 605 583 618 549 516 514 370 315 434 641 749 607 356 180 162 98 -206 -445 -540 -678 -799 -832 -765 -654 -514 -390 -296 -120 45 112 96 88 221 424 560 563 441 383 456 508 527 487 491 678 765 646 560 581 470 177 21 9 -31 -60 -57 -95 -91 22 93 163 272 307 276 245 273 332 359 352 358 341 231 137,491 678 765 646 560 581 470 177 21 9 -31 -60 -57 -95 -91 22 93 163 272 307 276 245 273 332 359 352 358 341 231 137 105 90 107 96 35 35 142 201 126 52 36 48 64 48 -2 -54 -33 40 67 112 213 322 410 395 339 319 320 338 308 281 251 177 182 244 282 264 208 214 224 184 133 70 32 10 21 25 -37 -40 1 -11 -5 87 206 260 271 318 395 486 539 499 430 386 424 512 520 474 457 459 455 415 336 243 147 60 10 -25 -83 -130 -143 -141 -111 -59 -42 -34 34 117 157 163 182 237 286 324 372 414 430 449 479 483 475 462 424 367 320 262 187 122 62 18 -19 -62 -79 -61 -17 27 26 2 12 21 19 14 6 36 85 110 118 121 103 106 134 118 83 58 57 101 146 153 122 103 107 119 141 130 67 15 68 146
8,162 150 178 197 197 208 176 78 69 164 241 175 82 129 189 217 233 219 188 126 111 167 201 160 58 -47 -16 170 278 165 -21 -15 158 274 285 259 272 282 229 155 187 231 150 101 126 213 256 175 117 113 118 138 119 40 79 47 151 493 407 340 292 -31 175 400 166 142 45 -65 271 362 212 97 -178 -89 246 307 129 106 319 260 174 251 362 341 165 104 -169 12 591 299 -84 82 254 150 82 283 230 2 53 262 262 80 136 291 229 112 43 152 333 225 69 95 136 11 -80 181 274 123 158 115 -41 6 257 285 136 134 96 63 207 245 71 57 152 78 24 158 235 151 170 210 56 -23 196 367 203 67 104 36 -1 204 311 154 48 41 -52 -167 -87 -67 -260 -297 -100 120 210 232 399 630 626 546 592 628 641 506 295 189 -8 -328,285 136 134 96 63 207 245 71 57 152 78 24 158 235 151 170 210 56 -23 196 367 203 67 104 36 -1 204 311 154 48 41 -52 -167 -87 -67 -260 -297 -100 120 210 232 399 630 626 546 592 628 641 506 295 189 -8 -328 -619 -845 -1024 -1008 -768 -626 -501 -287 -23 394 747 1004 1020 641 319 219 -112 -517 -463 -378 -384 -239 -144 -70 441 1064 922 724 829 703 539 324 -283 -1111 -1490 -1596 -1562 -1067 -581 -440 -225 370 934 1145 861 337 146 120 -106 -554 -830 -672 -226 221 334 218 186 328 546 714 652 203 -491 -977 -943 -787 -851 -963 -912 -450 274 675 660 576 672 899 849 536 152 -318 -463 -313 -397 -596 -504 -311 -257 -38 353 737 1023 1043 826 427 -100 -602 -776 -766 -1149 -1584 -1484 -1029 -420 151 432 562 734 865 902 739 414 223 3 -272 -330 -386 -563 -700 -589 -212 55 76 44,55 76 44 180 429 418 186 164 323 309 176 121 -8 -245 -370 -305 -195 -222 -289 -299 -330 -439 -431 -199 -16 47 90 259 422 339 308 582 962 1041 724 335 185 295 439 297 -136 -524 -722 -623 -187 219 177 -161 -355 -342 -234 -253 -587 -871 -883 -876 -824 -659 -550 -499 -380 -187 -11 107 177 242 338 373 343 388 466 449 453 501 461 452 618 858 986 925 732 475 184 -66 -242 -448 -733 -1007 -1182 -1162 -955 -747 -574 -331 -98 24 102 154 173 283 457 496 433 381 388 428 417 385 352 408 524 634 717 706 644 576 547 434 276 78 -111 -17 102 17 -148 -206 -111 88 308 290 161 178 350 525 545 398 190 150 190 182 172 107 82 126 150 243 338 327 291 191 100 42 -29 -82 -165 -146 -78 -93 -32 81 127 210 337 409 439 414 354 321 316 352 415 409 328 318 381 416
8,58 13 8 50 101 99 77 37 -42 -41 61 114 24 -81 -58 -3 20 13 -62 -93 -28 6 16 41 17 -22 -5 43 54 -20 -110 -202 -312 -318 -252 -235 -247 -178 -48 73 229 348 396 387 381 435 453 366 209 76 -42 -197 -464 -835 -1059 -1062 -945 -742 -513 -414 -374 -55 424 757 814 588 390 369 239 -101 -433 -739 -831 -548 -236 -168 -111 213 563 873 959 598 166 -130 -217 -331 -833 -1604 -1976 -1479 -743 -277 -114 -4 514 1283 1669 1195 374 -124 -431 -636 -899 -1334 -1563 -1359 -857 -306 -3 105 396 826 1196 1323 890 251 8 34 -98 -413 -746 -1153 -1329 -973 -521 -381 -386 -222 111 520 822 808 627 426 209 99 35 -184 -531 -837 -819 -395 70 286 297 336 494 538 293 -105 -498 -839 -1073 -1151 -1086 -939 -721 -367 36 295 374 403 582 789 776 664 482 206 39 -16 -130 -334 -500 -548 -479 -316,776 664 482 206 39 -16 -130 -334 -500 -548 -479 -316 -203 -167 -58 116 249 361 479 445 269 158 35 -188 -401 -524 -527 -418 -256 -123 -17 110 260 367 338 244 222 219 205 286 422 455 396 424 543 648 693 601 420 239 108 26 -59 -115 -179 -281 -354 -404 -436 -456 -499 -544 -555 -519 -462 -407 -357 -303 -252 -240 -205 -95 -25 -27 18 153 304 424 525 608 682 709 670 670 689 662 660 697 741 708 507 248 59 -46 -139 -273 -388 -487 -603 -653 -596 -523 -481 -417 -328 -270 -218 -145 -63 82 253 360 462 581 671 707 697 617 488 460 570 700 707 578 426 353 389 438 406 245 68 22 66 168 210 113 4 4 123 186 172 230 336 475 575 557 564 521 343 297 236 29 -5 31 -80 -89 106 170 194 374 330 156 136 41 -17 102 139 24 11 130 185 239 431 604 597 518,426 353 389 438 406 245 68 22 66 168 210 113 4 4 123 186 172 230 336 475 575 557 564 521 343 297 236 29 -5 31 -80 -89 106 170 194 374 330 156 136 41 -17 102 139 24 11 130 185 239 431 604 597 518 361 222 283 422 453 293 179 146 150 229 255 354 292 147 294 309 185 227 195 40 -2 22 31 79 83 27 62 175 289 414 521 542 508 496 457 483 617 576 376 323 415 427 409 443 375 273 249 198 79 -26 -47 -18 -9 -47 -85 -51 -37 -37 140 291 196 102 142 253 406 471 412 377 379 399 477 489 407 395 437 458 427 269 97 49 63 56 35 9 -18 -35 -40 52 95 1 -18 30 103 156 79 -47 -39 84 194 237 172 77 70 172 221 143 54 3 43 100 113 120 104 72 54 81 69 10 -4 6 43 144 211 154
8,93 120 86 65 137 137 28 -1 111 209 210 176 201 229 222 223 186 139 134 157 154 139 157 166 154 166 239 282 203 127 152 220 235 138 96 211 249 165 87 153 238 166 58 -23 162 389 330 251 94 -78 83 401 458 246 -42 -66 296 526 412 238 8 -235 29 546 430 37 9 180 237 326 392 107 157 422 216 30 22 146 239 8 20 265 86 92 540 235 -337 234 764 283 -38 135 297 381 338 102 -86 23 276 328 200 118 74 102 290 365 202 72 180 359 217 0 101 183 139 226 223 80 99 221 305 244 108 93 206 336 232 107 219 176 6 129 359 272 76 225 406 182 -19 183 363 250 154 189 160 121 224 227 54 -66 -66 -12 -21 -51 -149 -189 33 254 434 644 743 658 576 644 672 461 41 -265 -446 -582 -591 -709 -804 -447 92 319,139 226 223 80 99 221 305 244 108 93 206 336 232 107 219 176 6 129 359 272 76 225 406 182 -19 183 363 250 154 189 160 121 224 227 54 -66 -66 -12 -21 -51 -149 -189 33 254 434 644 743 658 576 644 672 461 41 -265 -446 -582 -591 -709 -804 -447 92 319 560 923 910 741 731 514 10 -589 -1157 -1214 -866 -591 -253 212 699 1074 1273 1355 1272 1050 780 434 -78 -659 -1191 -1683 -1821 -1497 -1140 -793 -270 308 756 925 846 656 408 266 171 -199 -592 -529 -182 237 614 572 360 541 861 909 673 201 -283 -514 -668 -904 -1004 -1031 -1171 -1106 -644 -186 118 416 697 921 1068 1183 1172 923 518 155 -39 -182 -327 -388 -336 -397 -517 -353 4 331 444 321 105 -141 -402 -652 -802 -771 -606 -429 -165 202 498 634 557 379 238 125 -17 -213 -292 -200 -115 -68 -29 -35 -11 24 17 31 68 112,125 -17 -213 -292 -200 -115 -68 -29 -35 -11 24 17 31 68 112 109 37 -8 39 140 253 319 292 248 194 79 -17 -78 -164 -216 -212 -187 -167 -180 -197 -182 -139 -84 -18 100 300 501 661 776 793 724 598 440 221 -4 -108 -156 -229 -307 -334 -285 -167 -44 -31 -83 -101 -92 -96 -199 -430 -597 -599 -518 -418 -358 -286 -169 -23 123 175 127 26 -13 63 149 202 230 255 323 450 590 674 746 816 798 715 633 505 305 66 -192 -411 -581 -712 -754 -704 -600 -497 -392 -251 -102 24 94 89 80 132 200 273 373 419 416 430 445 456 474 490 497 496 471 474 512 498 444 380 314 273 262 248 213 194 195 202 238 251 200 173 173 159 188 245 269 250 225 216 219 198 147 143 155 128 97 130 205 244 277 334 366 315 194 62 2 4 -24 -55 -56 -39 27 149 237 290 346
8,-84 65 -68 -81 57 -83 -130 48 -44 -117 80 46 -100 -22 81 43 13 105 98 -98 -116 97 111 -8 -1 -99 -276 -96 138 -3 -83 -3 -16 -24 64 69 -157 -307 -271 -223 -241 -316 -321 -232 -160 -38 240 393 481 577 420 380 577 525 286 343 148 -611 -954 -1098 -1372 -1283 -995 -727 -472 -96 198 252 321 289 -18 -247 -264 -240 93 518 764 942 1120 1216 803 238 -58 -37 39 -463 -1342 -2221 -2808 -2585 -1699 -924 -413 -41 266 990 1813 2042 1720 1024 154 -463 -666 -862 -1334 -1774 -1789 -1177 -127 489 494 493 503 599 848 857 520 29 -558 -1096 -1338 -1489 -1746 -1710 -1229 -679 -249 190 734 1203 1593 1909 1798 1267 636 11 -470 -783 -1199 -1614 -1835 -1862 -1506 -878 -172 618 1269 1495 1325 981 538 59 -417 -903 -1264 -1475 -1577 -1574 -1395 -1000 -501 27 430 636 789 978 1108 992 686 361 43 -315 -750 -1094 -1152 -975,-666 -862 -1334 -1774 -1789 -1177 -127 489 494 493 503 599 848 857 520 29 -558 -1096 -1338 -1489 -1746 -1710 -1229 -679 -249 190 734 1203 1593 1909 1798 1267 636 11 -470 -783 -1199 -1614 -1835 -1862 -1506 -878 -172 618 1269 1495 1325 981 538 59 -417 -903 -1264 -1475 -1577 -1574 -1395 -1000 -501 27 430 636 789 978 1108 992 686 361 43 -315 -750 -1094 -1152 -975 -704 -470 -264 65 438 635 682 725 678 396 8 -374 -734 -957 -1050 -1039 -787 -369 13 208 235 284 258 190 252 275 114 -110 -139 57 251 313 311 397 576 747 780 599 356 207 128 -53 -368 -645 -771 -793 -780 -700 -589 -539 -563 -575 -506 -452 -474 -480 -436 -399 -385 -368 -335 -300 -280 -243 -93 161 358 496 655 753 783 786 710 570 473 435 375 321 285 200 102 34 -45 -167 -292 -441 -600 -643 -668 -727 -710 -670 -637 -572 -471 -327 -194 -53 143 349 562 712,-1050 -1039 -787 -369 13 208 235 284 258 190 252 275 114 -110 -139 57 251 313 311 397 576 747 780 599 356 207 128 -53 -368 -645 -771 -793 -780 -700 -589 -539 -563 -575 -506 -452 -474 -480 -436 -399 -385 -368 -335 -300 -280 -243 -93 161 358 496 655 753 783 786 710 570 473 435 375 321 285 200 102 34 -45 -167 -292 -441 -600 -643 -668 -727 -710 -670 -637 -572 -471 -327 -194 -53 143 349 562 712 751 729 647 549 468 413 375 367 416 474 531 541 520 479 370 322 344 288 184 109 61 30 29 37 37 51 88 141 198 257 302 351 416 436 391 317 259 236 201 164 157 141 172 268 318 325 294 200 85 13 -39 -115 -147 -161 -182 -104 33 176 328 420 459 519 567 536 480 461 435 410 377 323 289 284 311 310 292 290 259 227 191 153 115 59 11 -28 -28 10 32 62
8,192 160 115 145 152 -2 -146 -107 -100 -218 -303 -275 -216 -169 -59 122 295 431 487 408 404 515 496 379 288 138 -110 -289 -467 -795 -1036 -974 -743 -487 -228 -76 -2 153 430 655 712 677 541 410 239 -64 -418 -749 -936 -962 -829 -671 -509 -115 504 957 952 590 266 444 759 517 -207 -976 -1254 -973 -769 -853 -808 -504 -8 696 1053 698 263 26 -255 -394 -545 -999 -1230 -982 -575 -209 113 345 453 805 1314 1246 681 255 23 -152 -356 -717 -1132 -1306 -1199 -1103 -951 -660 -361 -79 36 255 598 599 503 535 505 508 519 325 177 117 -127 -368 -401 -316 -211 -89 35 12 -203 -431 -625 -705 -705 -812 -792 -549 -235 3 36 40 233 576 757 570 193 -21 64 187 110 -194 -493 -567 -500 -362 -170 -76 -256 -416 -243 24 184 222 221 310 399 400 304 79 -132 -261 -462 -643 -538 -343 -329 -341 -280 -70 249 384,-76 -256 -416 -243 24 184 222 221 310 399 400 304 79 -132 -261 -462 -643 -538 -343 -329 -341 -280 -70 249 384 303 149 102 196 302 433 474 395 377 425 481 495 410 308 214 42 -167 -260 -276 -402 -515 -436 -365 -456 -494 -480 -556 -546 -471 -470 -452 -416 -402 -354 -250 -104 12 1 -16 120 275 283 233 244 316 410 430 410 465 552 590 577 568 578 553 440 248 25 -198 -374 -520 -659 -751 -798 -774 -706 -603 -459 -358 -265 -145 -23 100 173 216 271 337 419 458 461 465 447 461 484 441 398 392 382 359 334 305 220 115 64 56 52 2 -47 6 119 149 123 110 137 247 363 382 314 266 292 339 326 223 106 25 25 78 68 -22 -115 -116 -10 125 209 191 115 71 75 110 116 44 10 35 47 67 118 190 242 294 349 322 251 205 224 279 264 206 183 201 240 290,-439 -432 -434 -435 -429 -420 -421 -428 -425 -422 -417 -419 -434 -440 -438 -440 -442 -443 -453 -461 -462 -456 -448 -455 -455 -436 -431 -435 -436 -444 -442 -437 -443 -454 -455 -454 -466 -465 -457 -456 -455 -452 -452 -453 -440 -439 -449 -449 -449 -453 -459 -459 -457 -457 -461 -465 -467 -471 -463 -459 -466 -459 -457 -470 -470 -464 -461 -461 -468 -469 -462 -455 -455 -461 -462 -462 -459 -450 -453 -466 -468 -459 -455 -461 -471 -470 -471 -479 -480 -475 -469 -473 -478 -474 -466 -471 -475 -468 -465 -463 -462 -449 -439 -448 -450 -446 -447 -451 -455 -454 -455 -455 -444 -440 -448 -445 -444 -444 -436 -439 -449 -456 -450 -443 -447 -443 -441 -437 -431 -428 -423 -429 -431 -424 -419 -420 -429 -428 -420 -413 -406 -404 -407 -414 -409 -398 -407 -426 -426 -414 -408 -417 -421 -408 -394 -382 -389 -399 -385 -378 -379 -379 -387 -390 -393 -395 -389 -388 -398 -395 -380 -373 -365 -360 -365 -373
8,436 771 708 647 890 652 342 391 317 -132 -629 -822 -983 -1240 -1435 -1815 -2473 -2590 -1874 -901 40 872 1696 2744 3740 4008 3781 3420 2704 1847 1184 454 -1179 -3511 -5619 -6759 -6180 -4446 -2923 -1962 -713 778 2034 3417 4329 4288 3626 2703 1716 531 -527 -1186 -1762 -2413 -2384 -1757 -1471 -1310 -664 473 1353 1832 1762 1085 798 395 -684 -1363 -1409 -1873 -2446 -2083 -1475 -1045 -662 -187 1038 2489 3195 3268 3049 2618 2008 1384 658 -274 -1248 -2331 -3042 -2989 -2394 -1404 -340 359 322 195 356 557 795 615 281 205 164 -71 -444 -863 -1307 -1219 -730 -397 -427 -507 77 704 911 1143 1149 1020 1067 695 -250 -707 -469 -524 -747 -642 -576 -417 40 501 1114 1661 1410 589 -95 -753 -1337 -1423 -1157 -910 -870 -873 -674 -203 345 976 1364 1068 878 888 821 711 540 677 471 80 306 567 667 690 184 -574 -550 98 468 417 30 -379 -310 9 -27 -471 -943 -1280 -1446 -1301,-444 -863 -1307 -1219 -730 -397 -427 -507 77 704 911 1143 1149 1020 1067 695 -250 -707 -469 -524 -747 -642 -576 -417 40 501 1114 1661 1410 589 -95 -753 -1337 -1423 -1157 -910 -870 -873 -674 -203 345 976 1364 1068 878 888 821 711 540 677 471 80 306 567 667 690 184 -574 -550 98 468 417 30 -379 -310 9 -27 -471 -943 -1280 -1446 -1301 -1023 -775 -480 -410 -604 -544 -444 -529 -192 334 425 373 664 959 915 1079 1411 1301 960 783 673 568 460 207 -88 -297 -514 -766 -1010 -1190 -1237 -1175 -927 -527 -277 -307 -363 -117 173 184 -32 -369 -538 -478 -355 -253 -131 179 603 891 1009 995 843 746 800 841 871 857 718 504 251 81 14 -12 3 -49 -139 -213 -268 -166 -15 36 45 22 69 152 124 175 315 370 410 420 372 380 411 318 145 53 64 102 74 13 34 147 242 232 172 113 69 29 -13 -74 -204 -303,251 81 14 -12 3 -49 -139 -213 -268 -166 -15 36 45 22 69 152 124 175 315 370 410 420 372 380 411 318 145 53 64 102 74 13 34 147 242 232 172 113 69 29 -13 -74 -204 -303 -385 -415 -249 -7 106 91 197 365 436 485 536 656 755 716 649 619 566 457 235 -2 -116 -137 -115 -226 -438 -447 -240 -97 -28 76 110 96 98 132 200 205 199 269 346 464 574 547 554 703 830 828 789 775 718 678 623 445 282 176 26 -149 -256 -254 -255 -301 -364 -357 -241 -180 -181 -157 -68 60 157 210 256 365 457 506 536 502 497 582 670 667 594 569 573 566 540 425 281 174 72 19 5 -39 -131 -214 -191 -98 -55 -31 6 28 27 55 131 185 236 256 247 251 248 240 171 82 4 -36 -26 -8 31 44 79 186 312 360 291 213 207 267 275 188 112 125 150 108
